{"cameraMode":{"drawMode":0,"name":"Shaded","section":"Shading Mode"},"sceneLighting":false,"audioPlay":false,"sceneViewState":{"m_AlwaysRefresh":false,"showFog":true,"showSkybox":false,"showFlares":true,"showImageEffects":true,"showParticleSystems":true,"showVisualEffectGraphs":true,"m_FxEnabled":true},"in2DMode":false,"pivot":{"x":1.8943490982055665,"y":1.6500933170318604,"z":1.8854825496673585},"rotation":{"x":0.21773700416088105,"y":-0.6736509799957275,"z":0.21839183568954469,"w":0.6716333031654358},"size":12.12435531616211,"orthographic":true}