{"cameraMode":{"drawMode":0,"name":"Shaded","section":"Shading Mode"},"sceneLighting":true,"audioPlay":false,"sceneViewState":{"m_AlwaysRefresh":false,"showFog":true,"showSkybox":true,"showFlares":true,"showImageEffects":true,"showParticleSystems":true,"showVisualEffectGraphs":true,"m_FxEnabled":true},"in2DMode":false,"pivot":{"x":-3.4196271896362306,"y":-0.15761065483093263,"z":3.8205761909484865},"rotation":{"x":-0.13313131034374238,"y":0.7090996503829956,"z":-0.13917726278305055,"w":-0.6782955527305603},"size":10.008462905883789,"orthographic":false}