{"cameraMode":{"drawMode":0,"name":"Shaded","section":"Shading Mode"},"sceneLighting":false,"audioPlay":false,"sceneViewState":{"m_AlwaysRefresh":false,"showFog":true,"showSkybox":false,"showFlares":true,"showImageEffects":true,"showParticleSystems":true,"showVisualEffectGraphs":true,"m_FxEnabled":true},"in2DMode":false,"pivot":{"x":-0.21463239192962647,"y":5.953760147094727,"z":-1.7634575366973878},"rotation":{"x":-0.000021707519408664666,"y":0.9980303645133972,"z":-0.06295895576477051,"w":-0.0003046653000637889},"size":3.2225608825683595,"orthographic":true}